tmean,rr,lo,hi
-3.4,0.9192739267023692,0.8655881988076223,0.9762893642483788
-3.2258793969849244,0.9272145501301255,0.8784983295568041,0.9786322785687447
-3.0517587939698494,0.935187593694945,0.891531381427757,0.9809815488495068
-2.877638190954774,0.9431919560231969,0.9046857117701732,0.983337146074947
-2.7035175879396984,0.9512265031548766,0.9179595665318528,0.9856990365303383
-2.529396984924623,0.9592900682969687,0.9313510784340392,0.9880671815836382
-2.3552763819095475,0.9673814515906675,0.9448582652172386,0.9904415374580067
-2.1811557788944724,0.9754994198930244,0.9584790279630543,0.992822054994726
-2.007035175879397,0.9836427065736073,0.9722111494976825,0.9952086794060759
-1.8329145728643215,0.9918100113267527,0.9860522928828398,0.997601350017704
-1.6587939698492462,1.0,1.0,1.0
-1.484673366834171,1.0082113044392957,1.0024045560879649,1.0140516902339234
-1.3105527638190955,1.0164425223515656,1.0048149382890383,1.0282046592615668
-1.13643216080402,1.0246922171852446,1.0072310595783251,1.0424560779525505
-0.962311557788945,1.0329589180293626,1.0096528255806267,1.0568029913874437
-0.7881909547738695,1.0412411195317857,1.012080134238668,1.0712423180002215
-0.614070351758794,1.0495372818372033,1.014512875466864,1.0857708488512952
-0.4399497487437185,1.057845830545466,1.0169509307899545,1.1003852470376057
-0.265829145728643,1.06616515669086,1.0193941729657923,1.1150820472463017
-0.09170854271356799,1.0744936167429182,1.0218424655915395,1.1298576554585855
0.0824120603015075,1.082829532629353,1.0242956626924902,1.1447083488103302
0.256532663316583,1.0911711917817013,1.0267536082927002,1.1596302756161092
0.430653266331658,1.0995168472042591,1.0292161359665677,1.1746194555632818
0.6047738693467335,1.1078647175668876,1.031683068370459,1.1896717800827907
0.778894472361809,1.1162129873222575,1.0341542167534445,1.2047830129033106
0.9530150753768845,1.1245598068480989,1.0366293804461493,1.2199487907953699
1.12713567839196,1.1329032926150098,1.03910834632669,1.2351646245120378
1.3012562814070354,1.1412415273803755,1.041590888262611,1.2504258999327158
1.47537688442211,1.1495725604089326,1.0440767665276889,1.2657278794165205
1.6494974874371855,1.1578944077205102,1.0465657271924138,1.2810657033716681
1.823618090452261,1.1662050523654595,1.0490575014869112,1.2964343920471861
1.9977386934673365,1.174502444728283,1.0515518051350004,1.3118288475531796
2.171859296482412,1.1827845028599488,1.0540483376580347,1.32724385611576
2.3459798994974874,1.1910491128393703,1.0565467816471033,1.3426740905726182
2.520100502512563,1.1992941291645107,1.0590468020021115,1.3581141131150825
2.6942211055276384,1.2075173751735613,1.0615480451361923,1.373558378282331
2.868341708542714,1.2157166434966173,1.064050138143833,1.3890012362132669
3.0424623115577885,1.223889696538268,1.0665526879310372,1.404436936161364
3.216582914572864,1.2320342669914814,1.0690552803057607,1.4198596302775846
3.3907035175879394,1.2401480583831683,1.0715574790267999,1.4352633776662553
3.564824120603015,1.2482287456517616,1.0740588248092307,1.4506421487185377
3.7389447236180904,1.2562739757571435,1.076558834284422,1.4659898297278755
3.913065326633166,1.2642813683232261,1.079056998912575,1.4813002277915366
4.087185929648241,1.272248516313459,1.0815527838456613,1.4965670760020673
4.2613065326633155,1.2801729867395186,1.0840456267385608,1.5117840389321728
4.435427135678392,1.288052321403409,1.0865349365061183,1.526944718416211
4.6095477386934665,1.2958840376731655,1.0890200920237765,1.542042659631152
4.783668341708543,1.30366562929234,1.0915004407693571,1.5570713574794794
4.957788944723617,1.3113945672234,1.0939752974035053,1.5720242632761463
5.131909547738692,1.3190683005251562,1.0964439422862415,1.5868947917412894
5.306030150753768,1.326684257264292,1.0989056199270053,1.6016763282999866
5.480150753768843,1.334239845461043,1.1013595373655258,1.6163622366899117
5.654271356783919,1.3417324540690334,1.103804862480808,1.6309458668772732
5.828391959798994,1.3491594539892484,1.1062407222254813,1.6454205632809416
6.00251256281407,1.3565181991180815,1.1086662007827452,1.6597796733041723
6.176633165829145,1.363806027429356,1.1110803376431249,1.6740165561727867
6.3507537688442195,1.3710202620901941,1.1134821255982643,1.6881245920781351
6.524874371859296,1.3781582126105545,1.1158705086490066,1.7020971916225658
6.6989949748743705,1.385217176026226,1.1182443798250605,1.715927805564519
6.873115577889447,1.3921944381150289,1.1206025789136265,1.7296099348597105
7.047236180904521,1.3990872746459255,1.1229438900944642,1.7431371409941943
7.221356783919598,1.4058929526607087,1.1252670394790187,1.756503056604369
7.395477386934672,1.4126087317878857,1.1275706925514086,1.769701396378215
7.569597989949749,1.4192318655883407,1.1298534515093022,1.7827259682312688
7.743718592964823,1.4257596029323065,1.1321138525029917,1.7955706847499395
7.917839195979898,1.4321891894071404,1.1343503627713074,1.808229574893882
8.091959798994974,1.4385178687553437,1.1365613776734305,1.8206967959481382
8.266080402010049,1.4447428843422316,1.1387452176161317,1.832966645714712
8.440201005025125,1.4508614806526006,1.1409001248765436,1.8450335749321067
8.6143216080402,1.4568709048157042,1.143024260321227,1.8568921999101264
8.788442211055276,1.462768408157799,1.1451157000230687,1.8685373153659468
8.96256281407035,1.4685512477814706,1.1471724317784275,1.8799639074460104
9.136683417085427,1.4742174049373113,1.14919255326515,1.8911686739051268
9.310804020100502,1.4797679694544643,1.151174977093964,1.9021550042297821
9.484924623115576,1.4852049291517162,1.1531188785825315,1.9129282527123914
9.659045226130653,1.4905303485973418,1.1550234804987511,1.9234939874385655
9.833165829145727,1.4957463670672522,1.1568880582294947,1.9338579724115992
10.007286432160804,1.5008551965217785,1.1587119448428753,1.9440261498571854
10.181407035175878,1.5058591195947146,1.1604945360396146,1.954004622723327
10.355527638190955,1.5107604875981946,1.1622352949888741,1.9637996374131654
10.52964824120603,1.5155617185468795,1.1639337570413535,1.9734175667895533
10.703768844221104,1.5202652952048414,1.1655895343102793,1.982864893490903
10.87788944723618,1.5248737631584226,1.1672023201090813,1.9921481935981953
11.052010050251255,1.5293897289182603,1.168771893233039,2.0012741206930227
11.226130653266331,1.533815858053564,1.1702981220710016,2.0102493903462486
11.400251256281406,1.53815487336163,1.1717809685323788,2.019080765076239
11.574371859296482,1.5424095530754904,1.1732204917740037,2.0277750398147694
11.748492462311557,1.5465827291124814,1.1746168517111326,2.0363390279175415
11.922613065326631,1.5506772853664275,1.1759703122967902,2.0447795477548776
12.096733668341708,1.5546961560460417,1.1772812445538714,2.0531034099165373
12.270854271356782,1.5586423240620444,1.1785501293448513,2.0613174050627787
12.444974874371859,1.562518819465408,1.179777559864644,2.0694282924517413
12.619095477386933,1.5663287179390508,1.1809642438430494,2.077442789171055
12.79321608040201,1.5700751393452077,1.1821110054443453,2.085367560099189
12.967336683417086,1.5737612463306208,1.183218786852871,2.0932092086195726
13.141457286432159,1.5773902429916087,1.1842886495349159,2.1009742681079113
13.315577889447235,1.5809653736009943,1.1853217751688376,2.1086691942104148
13.489698492462312,1.5844899213987882,1.1863194662370555,2.1163003579279187
13.663819095477384,1.5879672074484539,1.187283146275392,2.1238740395180704
13.83793969849246,1.5914005895605088,1.188214359777121,2.1313964232249965
14.012060301507537,1.5947934612851449,1.1891147717510067,2.138873592843079
14.186180904522613,1.5981492509754902,1.189986166934552,2.146311528118791
14.360301507537686,1.6014714209230758,1.1908304486655972,2.1537161019919338
14.534422110552763,1.604763466567011,1.1916496374172667,2.1610930786751186
14.708542713567839,1.6080289157783187,1.1924458690030613,2.1684481125679986
14.882663316582912,1.611271328220845,1.1932213924605846,2.175786748000603
15.056783919597988,1.6144942947900995,1.1939785676239512,2.183114419798144
15.230904522613065,1.6177014371313554,1.194719862396339,2.1904364546579345
15.405025125628141,1.6208964072383043,1.195447849735401,2.197758073327554
15.579145728643214,1.6240828871335304,1.1961652043653008,2.2050843935721645
15.75326633165829,1.6272645886320427,1.1968746992299992,2.2124204339179174
15.927386934673367,1.6304452531890947,1.1975792017030695,2.219771118157719
16.10150753768844,1.6336286518335008,1.1982816695697334,2.2271412806052573
16.275628140703517,1.6368185851876538,1.1989851467970172,2.234535672083088
16.449748743718594,1.6400188835754483,1.1996927591078934,2.241958966630862
16.62386934673367,1.6432334072193193,1.200407709375022,2.249415768920252
16.797989949748743,1.6464660465276075,1.201133272849214,2.2569106223640185
16.97211055276382,1.6497207224734933,1.2018727922370545,2.2644480179077617
17.146231155778896,1.653001387066747,1.2026296726412027,2.2720324034943284
17.320351758793972,1.6563120239195814,1.2034073763757835,2.2796681941925527
17.494472361809045,1.659656648907929,1.2042094176679938,2.2873597829839545
17.66859296482412,1.66303931092949,1.20503935725557,2.2951115522032457
17.842713567839198,1.6664640927599708,1.2059007968881474,2.3029278856309614
18.01683417085427,1.6699351120089572,1.2067973737387614,2.3108131812391908
18.190954773869347,1.6734565221769533,1.207732754729858,2.3187718645943174
18.365075376884423,1.6770325138151658,1.2087106307761646,2.326808402923724
18.5391959798995,1.6806673157896947,1.2097347109446857,2.334927319856736
18.713316582914572,1.684365196651878,1.2108087165299126,2.3431332108534835
18.88743718592965,1.6881304661166143,1.2119363750401144,2.351430759338972
19.061557788944725,1.691967476650598,1.2131214140883109,2.359824753563368
19.235678391959798,1.695880625172499,1.2143675551792479,2.3683201042133817
19.409798994974874,1.6998743548672268,1.2156785073814105,2.3769218628035578
19.58391959798995,1.7039531571165525,1.2170579608708405,2.38563524088036
19.758040201005027,1.7081215735484774,1.2185095803313033,2.394465630076074
19.9321608040201,1.7123841982078865,1.220036998193172,2.4034186230537515
20.106281407035176,1.716745666032908,1.2216437963266096,2.412500018994757
20.280402010050253,1.721209016336658,1.223332149849851,2.42171390515832
20.454522613065325,1.725774124997802,1.225101523891071,2.4310608324545213
20.628643216080402,1.7304405092751909,1.2269509780838954,2.4405411541518265
20.80276381909548,1.7352076909548533,1.2288794708983686,2.4501554481561407
20.976884422110555,1.7400751958326166,1.2308858649260626,2.4599045073393526
21.151005025125627,1.745042553199729,1.2329689318879733,2.4697893302266203
21.325125628140704,1.7501092953312885,1.235127357389631,2.4798111120121256
21.49924623115578,1.755274956977312,1.2373597454471066,2.4899712358740276
21.673366834170857,1.760539074856256,1.2396646228067194,2.500271264560379
21.84748743718593,1.7659011871508388,1.2420404430802972,2.5107129322190183
22.021608040201006,1.7713608330060038,1.244485590716803,2.5212981364456373
22.195728643216082,1.7769175520288745,1.2469983848300543,2.5320289305255157
22.369849246231155,1.78257088379056,1.249577082901119,2.542907515845746
22.54396984924623,1.7883203673296866,1.2522198843728105,2.5539362344561294
22.718090452261308,1.7941655406575132,1.2549249341524895,2.5651175617582505
22.892211055276384,1.8001059402645359,1.2576903260381784,2.5764540993036977
23.066331658291457,1.8061411006284505,1.2605141060817453,2.5879485676836986
23.240452261306533,1.8122705537233823,1.2633942759016787,2.599603799493905
23.41457286432161,1.818493828530283,1.2663287959567275,2.6114227323594155
23.588693467336682,1.8248104505484097,1.269315588790428,2.6234084020065427
23.76281407035176,1.8312199413078043,1.272352542255299,2.635563935369181
23.936934673366835,1.837721817882696,1.2754375127242459,2.647892543719033
24.11105527638191,1.8443155924057657,1.278568328295488,2.6603975158102884
24.285175879396984,1.8510007715832157,1.2817427919961213,2.673082211030705
24.45929648241206,1.8577768562105819,1.284958684988217,2.6859500525523288
24.633417085427137,1.8646433406892566,1.2882137697802218,2.699004520476422
24.80753768844221,1.8715997125436812,1.2915057934452503,2.7122491449683808
24.981658291457286,1.8786454519391713,1.2948324908467863,2.7256874993796756
25.155778894472363,1.8857800312003659,1.2981915878712285,2.7393231933550313
25.32989949748744,1.8930029143302696,1.3015808046656965,2.7531598659241796
25.504020100502512,1.9003135565298945,1.304997858878544,2.76720117857863
25.678140703517588,1.9077114037184923,1.308440468899113,2.781450808334936
25.852261306532665,1.9151958920543815,1.31190635709239,2.795912440786857
26.026381909547737,1.9227664474563937,1.315393253023458,2.8105897631498267
26.200502512562814,1.9304224851259506,1.3188988966658997,2.8254864573018494
26.37462311557789,1.9381634090698032,1.3224210415876625,2.8406061928258173
26.548743718592966,1.9459886116234746,1.3259574581073457,2.8559526200588583
26.72286432160804,1.953897472975438,1.3295059364133661,2.8715293631549526
26.896984924623116,1.9618893606920962,1.333064289638081,2.8873400131675755
27.071105527638192,1.9699636292436076,1.3366303568786255,2.9033881211595456
27.245226130653265,1.9781196195306312,1.3402020061560138,2.9196771913475996
27.41934673366834,1.9863566584120653,1.3437771373039245,2.936210674289483
27.593467336683418,1.994674058233855,1.3473536847785526,2.95299196012148
27.767587939698494,2.0030711163589605,1.3509296203809709,2.9700243718544264
27.941708542713567,2.0115471146985895,1.3545029558835937,2.9873111587361962
28.115829145728643,2.02010131924478,1.358071745552543,3.004855489688572
28.28994974874372,2.0287329796044613,1.361634088558062,3.022660446826272
28.464070351758796,2.037441328535105,1.3651881312654832,3.040729019065601
28.63819095477387,2.0462255814820995,1.3687320693997382,3.059064095829943
28.812311557788945,2.055084936117964,1.3722641500769044,3.077668460858859
28.98643216080402,2.0640185718835724,1.3757826736969019,3.0965447861272164
29.160552763819098,2.073025649531514,1.3792859956920573,3.115695625880197
29.334673366834174,2.0821053106717566,1.3827725281269612,3.1351234107895816
29.508793969849243,2.091256677319783,1.3862407411457518,3.1548304422361197
29.68291457286432,2.100478851447366,1.3896891642637097,3.174818886722221
29.857035175879396,2.109770914536165,1.3931163875008092,3.195090770418621
30.031155778894473,2.1191319271343403,1.396521062355656,3.2156479738480575
30.20527638190955,2.1285609284163676,1.3999019026190067,3.236492226708424
30.379396984924625,2.1380569357462735,1.4032576850268532,3.257625102837237
30.5535175879397,2.1476189442444937,1.4065872497538028,3.2790480153187267
30.72763819095477,2.1572459263585753,1.4098895007482242,3.3007622117342934
30.901758793969847,2.1669368314379542,1.4131634059113407,3.322768769556544
31.075879396984924,2.1766905853130436,1.4164079971231334,3.345068591686687
31.25,2.1865060898788693,1.419622370118539,3.3676624021345773
